x, y, th, stamp, 
0.9804201126098633, -4.8954386711120605, 1.1744746153788446, 1728048617701358826, 
0.9804201126098633, -4.8954386711120605, 1.1744746153788446, 1728048617760378450, 
0.9804201126098633, -4.8954386711120605, 1.1744746153788446, 1728048617810310202, 
0.9804201126098633, -4.8954386711120605, 1.1744746153788446, 1728048617860313272, 
0.9804201126098633, -4.8954386711120605, 1.1744746153788446, 1728048617912423506, 
0.9807528257369995, -4.894927978515625, 1.1793240095639124, 1728048617951310868, 
0.9815049171447754, -4.892426013946533, 1.194234014547672, 1728048618000539189, 
0.9837120175361633, -4.886706352233887, 1.2242856039611958, 1728048618070709669, 
0.9849016666412354, -4.882370471954346, 1.249652295246209, 1728048618111301450, 
0.9866138100624084, -4.875821590423584, 1.285928273725188, 1728048618160327125, 
0.9887080192565918, -4.86817741394043, 1.3296864113883795, 1728048618210315751, 
0.9907148480415344, -4.858765125274658, 1.3814782975765614, 1728048618260320105, 
0.9925053119659424, -4.849122047424316, 1.4356078404475274, 1728048618312453802, 
0.993694007396698, -4.840217590332031, 1.4790505072743312, 1728048618355626795, 
0.9942503571510315, -4.831042766571045, 1.5292461809857756, 1728048618405980473, 
0.9943180084228516, -4.820281028747559, 1.5899263646817707, 1728048618467500365, 
0.9936031103134155, -4.812000274658203, 1.6369447136847146, 1728048618514443705, 
0.9925873279571533, -4.802786827087402, 1.6868109647141547, 1728048618564294879, 
0.9916080236434937, -4.7945876121521, 1.7287775718970226, 1728048618606320610, 
0.989767849445343, -4.7858452796936035, 1.7796342799059672, 1728048618655318832, 
0.9875137209892273, -4.777491569519043, 1.828435322668436, 1728048618705398884, 
0.9850186109542847, -4.767979621887207, 1.8802054190757906, 1728048618756721034, 
0.9818694591522217, -4.760770797729492, 1.925596288177726, 1728048618802110906, 
0.9768919944763184, -4.749584674835205, 1.9923564908372762, 1728048618871724345, 
0.9736641645431519, -4.743494987487793, 2.032802959787301, 1728048618912325308, 
0.9689366221427917, -4.736459255218506, 2.0796681529462218, 1728048618960334417, 
0.9639971852302551, -4.728899002075195, 2.1293638990147277, 1728048619010338802, 
0.9588011503219604, -4.721362590789795, 2.178554644006721, 1728048619060323023, 
0.9531017541885376, -4.714095592498779, 2.22940983275388, 1728048619111456449, 
0.9483468532562256, -4.708906650543213, 2.2691802479634324, 1728048619151340723, 
0.9422757625579834, -4.702291965484619, 2.31659201551255, 1728048619200624532, 
0.933255672454834, -4.693603992462158, 2.384664980537068, 1728048619271320344, 
0.927961528301239, -4.688815116882324, 2.422388607232331, 1728048619311339530, 
0.9208134412765503, -4.68293571472168, 2.469574949115722, 1728048619360301330, 
0.9134451150894165, -4.676964282989502, 2.5188007831737678, 1728048619411328199, 
0.9055714011192322, -4.671449661254883, 2.5678395832778316, 1728048619460305954, 
0.897716760635376, -4.666767597198486, 2.618301866631549, 1728048619511429606, 
0.8913103938102722, -4.663440704345703, 2.6572889909367445, 1728048619551634377, 
0.8830685019493103, -4.659674644470215, 2.7060956975844075, 1728048619600636590, 
0.8709697127342224, -4.654494285583496, 2.774872786444874, 1728048619671719720, 
0.8641015887260437, -4.652093410491943, 2.812578229224873, 1728048619710307163, 
0.8556859493255615, -4.649306774139404, 2.860238308843545, 1728048619760338320, 
0.8464144468307495, -4.647022724151611, 2.9084358314126857, 1728048619810328674, 
0.8367393016815186, -4.644484519958496, 2.957336375907775, 1728048619860321574, 
0.8274540901184082, -4.642791748046875, 3.0073065714783658, 1728048619911318519, 
0.8196418881416321, -4.641712665557861, 3.0468714376646395, 1728048619951685569, 
0.8108057379722595, -4.640869140625, 3.095652573848507, 1728048620003131313, 
0.7979304790496826, -4.640979766845703, -3.122427463125554, 1728048620071515884, 
0.7902538180351257, -4.641164779663086, -3.0844178209425586, 1728048620111469913, 
0.7811543941497803, -4.641996383666992, -3.036859750125681, 1728048620162326395, 
0.7720254063606262, -4.643282890319824, -2.989793536142721, 1728048620210330094, 
0.7625974416732788, -4.64464807510376, -2.942629125882664, 1728048620260855829, 
0.7540278434753418, -4.646918773651123, -2.8926623105130775, 1728048620311801410, 
0.7464709281921387, -4.648700714111328, -2.853268632316206, 1728048620351780036, 
0.7371351718902588, -4.651534080505371, -2.8063473960355263, 1728048620402003166, 
0.7258694171905518, -4.656208515167236, -2.739480239031389, 1728048620471724757, 
0.7194353938102722, -4.659186363220215, -2.7019302846269055, 1728048620511409360, 
0.7123655676841736, -4.6633620262146, -2.655838974358398, 1728048620561343912, 
0.7051942348480225, -4.667757511138916, -2.6094491892117144, 1728048620610925654, 
0.6984069347381592, -4.672715187072754, -2.5611549457467992, 1728048620662156737, 
0.6911102533340454, -4.6779961585998535, -2.513713392041746, 1728048620710343414, 
0.6824702024459839, -4.684875965118408, -2.457614421565643, 1728048620770734443, 
0.6782402396202087, -4.688355922698975, -2.428062853642866, 1728048620801898209, 
0.6715488433837891, -4.694369792938232, -2.382238415279529, 1728048620850676380, 
0.6641057729721069, -4.702071666717529, -2.3255790091394193, 1728048620911610152, 
0.6592757105827332, -4.708683013916016, -2.2786130191844163, 1728048620960619834, 
0.6538169384002686, -4.715744972229004, -2.231195615377996, 1728048621011580020, 
0.6485096216201782, -4.72321081161499, -2.1820811969493894, 1728048621060580871, 
0.6436136960983276, -4.730681419372559, -2.133141092872574, 1728048621110538121, 
0.6400637626647949, -4.736856937408447, -2.0951310170057154, 1728048621152189445, 
0.6358479261398315, -4.7444748878479, -2.0490565657533684, 1728048621202020044, 
0.6321817636489868, -4.752613067626953, -2.000089176348993, 1728048621254074222, 
0.6290725469589233, -4.762025356292725, -1.9443561068796633, 1728048621312334215, 
0.6264239549636841, -4.770218372344971, -1.8985943284675137, 1728048621362501338, 
0.6234948635101318, -4.779236316680908, -1.851314710806555, 1728048621413480512, 
0.6211098432540894, -4.787902355194092, -1.8091565513006251, 1728048621459334704, 
0.6196603775024414, -4.796428203582764, -1.7638553599536588, 1728048621509333767, 
0.6182505488395691, -4.80458927154541, -1.7239884620150285, 1728048621552475864, 
0.6171833276748657, -4.813432693481445, -1.678586775571602, 1728048621603153646, 
0.6164770126342773, -4.82572603225708, -1.6147703582059438, 1728048621670059369, 
0.6159924268722534, -4.833915710449219, -1.5753012571889422, 1728048621711567822, 
0.6161881685256958, -4.843552112579346, -1.5297778035691192, 1728048621761331273, 
0.6169679760932922, -4.852774620056152, -1.4833764198499892, 1728048621811320405, 
0.6178812980651855, -4.860976696014404, -1.4397597857588942, 1728048621859354779, 
0.6192741394042969, -4.8702287673950195, -1.3938089092286978, 1728048621909336183, 
0.6212128400802612, -4.881892204284668, -1.3375579434370406, 1728048621972152366, 
0.6226087808609009, -4.8871989250183105, -1.3094012503582235, 1728048622001861622, 
0.6251264810562134, -4.896088123321533, -1.2635603418288988, 1728048622050639068, 
0.6284766793251038, -4.9070234298706055, -1.2073394004386533, 1728048622111345791, 
0.6319307088851929, -4.916225910186768, -1.1602527780432694, 1728048622161356474, 
0.6358017325401306, -4.924816608428955, -1.1151519438495634, 1728048622211322010, 
0.6399978995323181, -4.932998180389404, -1.0733700466871479, 1728048622258320825, 
0.644492506980896, -4.9409589767456055, -1.0282896110600925, 1728048622308336358, 
0.6507725119590759, -4.950616836547852, -0.9711561362545913, 1728048622371766315, 
0.6539005637168884, -4.955232620239258, -0.9425502046539743, 1728048622401226485, 
0.6594011187553406, -4.96229362487793, -0.8959428229480902, 1728048622451438667, 
0.6669615507125854, -4.970767974853516, -0.8421460574271425, 1728048622511572760, 
0.6731522083282471, -4.977998733520508, -0.7965923080536098, 1728048622561354857, 
0.6799906492233276, -4.984362602233887, -0.7517512816497582, 1728048622611343210, 
0.6871477961540222, -4.9910888671875, -0.7048606857829792, 1728048622661378802, 
0.6937944293022156, -4.9967851638793945, -0.6632130954156695, 1728048622707386811, 
0.700508177280426, -5.002080917358398, -0.6226768930429726, 1728048622751868964, 
0.7083550691604614, -5.007843494415283, -0.5780472901219034, 1728048622801645572, 
0.7165755033493042, -5.013097286224365, -0.5332545177114894, 1728048622852116704, 
0.7262611985206604, -5.018747329711914, -0.47914101403270026, 1728048622911591633, 
0.7346309423446655, -5.0228095054626465, -0.43435867566166825, 1728048622961366493, 
0.7431855797767639, -5.026492595672607, -0.3887819549563415, 1728048623011351562, 
0.7520531415939331, -5.030268669128418, -0.3438746136479201, 1728048623061339706, 
0.7603453397750854, -5.033044338226318, -0.30073391849337194, 1728048623107475740, 
0.7684351205825806, -5.035708427429199, -0.2602465506007663, 1728048623152152315, 
0.7775487303733826, -5.0381035804748535, -0.21630348114269202, 1728048623201447837, 
0.789830207824707, -5.040738105773926, -0.15795259639521256, 1728048623266702418, 
0.7985101938247681, -5.0421576499938965, -0.11859816102982614, 1728048623311454296, 
0.8076803088188171, -5.042801380157471, -0.07330611341303704, 1728048623361305694, 
0.8172448873519897, -5.043499946594238, -0.02929624765373853, 1728048623411419982, 
0.826580822467804, -5.043360710144043, 0.016428332589299086, 1728048623461329802, 
0.8354884386062622, -5.042811870574951, 0.06195880712992492, 1728048623512414556, 
0.8458963632583618, -5.041598320007324, 0.11459421838000902, 1728048623571639237, 
0.8516978025436401, -5.04091739654541, 0.14188664293138492, 1728048623601809755, 
0.863478422164917, -5.038753032684326, 0.2033808041477384, 1728048623673042361, 
0.870227575302124, -5.03699254989624, 0.23767313769150003, 1728048623711518956, 
0.8795586228370667, -5.034813404083252, 0.2829966129915502, 1728048623761360104, 
0.8884763717651367, -5.03201150894165, 0.3272145680357356, 1728048623811329399, 
0.8969539999961853, -5.0289692878723145, 0.3708447570833854, 1728048623861365832, 
0.9060056805610657, -5.025184154510498, 0.4147564374451919, 1728048623911385497, 
0.9125936031341553, -5.0222344398498535, 0.4499669228816159, 1728048623951784649, 
0.921364963054657, -5.018194198608398, 0.4960457789424008, 1728048624002861364, 
0.9297240972518921, -5.01358699798584, 0.5396417783868873, 1728048624051411428, 
0.9388277530670166, -5.0077033042907715, 0.5912926242805812, 1728048624111488237, 
0.9467117786407471, -5.00244140625, 0.6352674247248842, 1728048624161372509, 
0.9540441632270813, -4.99661111831665, 0.6784881693685697, 1728048624211367025, 
0.9615889191627502, -4.990417003631592, 0.723001385165351, 1728048624261337155, 
0.9679555892944336, -4.984271049499512, 0.7667630087845041, 1728048624311403630, 
0.9734645485877991, -4.979022979736328, 0.8022122500192008, 1728048624351916395, 
0.9798954725265503, -4.9721784591674805, 0.8483444230093583, 1728048624404860464, 
0.9870946407318115, -4.963467121124268, 0.901967507945312, 1728048624466832966, 
0.9920668601989746, -4.956668376922607, 0.9436683871797935, 1728048624514405475, 
0.9976222515106201, -4.9489030838012695, 0.9862880611394322, 1728048624564378774, 
1.001889944076538, -4.942144870758057, 1.0245791326421194, 1728048624607369443, 
1.0063893795013428, -4.934457302093506, 1.0671767697720431, 1728048624656372046, 
1.0111780166625977, -4.925776481628418, 1.116429053831979, 1728048624711439773, 
1.0146067142486572, -4.91929292678833, 1.1528728311159648, 1728048624752903672, 
1.0182706117630005, -4.911604404449463, 1.1937578164202156, 1728048624802074824, 
1.023378849029541, -4.900586128234863, 1.2545035628260204, 1728048624871479725, 
1.0257080793380737, -4.893688201904297, 1.2889147901931366, 1728048624912490972, 
1.028263807296753, -4.884620666503906, 1.3329302886990193, 1728048624961351306, 
1.0302742719650269, -4.875736713409424, 1.3765056960298663, 1728048625011370668, 
1.031245470046997, -4.867105007171631, 1.4191591200758036, 1728048625061368349, 
1.0325665473937988, -4.858006477355957, 1.4631189876742015, 1728048625111343984, 
1.0337774753570557, -4.846287250518799, 1.5151084790480918, 1728048625171743218, 
1.0341063737869263, -4.837194919586182, 1.5571595523175628, 1728048625221818319, 
1.0340217351913452, -4.828197002410889, 1.598391233018671, 1728048625271798541, 
1.033608078956604, -4.821524620056152, 1.6318262501545222, 1728048625311353105, 
1.0324699878692627, -4.813425540924072, 1.6754494203668204, 1728048625361388766, 
1.0312944650650024, -4.80416202545166, 1.7185048131468514, 1728048625411349035, 
1.0296858549118042, -4.795308589935303, 1.7608507060399834, 1728048625461577090, 
1.0276169776916504, -4.786164283752441, 1.8049604909946857, 1728048625511507129, 
1.0259284973144531, -4.779103755950928, 1.8405467319316104, 1728048625551547267, 
1.023184061050415, -4.771277904510498, 1.8833328978028328, 1728048625602062767, 
1.0189845561981201, -4.7606201171875, 1.9413311637892494, 1728048625671642665, 
1.016107439994812, -4.754858016967773, 1.9744889862929995, 1728048625711388131, 
1.0125114917755127, -4.746575832366943, 2.0164127806073058, 1728048625761363297, 
1.0084549188613892, -4.738608360290527, 2.059740093658563, 1728048625811378672, 
1.0039433240890503, -4.731411933898926, 2.103496954292746, 1728048625861349368, 
0.9996553659439087, -4.725003242492676, 2.145149799949268, 1728048625911543573, 
0.9956643581390381, -4.719122886657715, 2.1785039862814153, 1728048625951208924, 
0.9904875159263611, -4.7120795249938965, 2.2211388629810513, 1728048626002692178, 
0.9827101826667786, -4.702399730682373, 2.2791183465626976, 1728048626071417683, 
0.9778974056243896, -4.696719646453857, 2.3129004734654575, 1728048626111714065, 
0.9718012809753418, -4.690430641174316, 2.3545918620674575, 1728048626162911477, 
0.9657018184661865, -4.68507719039917, 2.396247055492016, 1728048626211717719, 
0.9589511156082153, -4.6797614097595215, 2.440351595234498, 1728048626261573164, 
0.9518013596534729, -4.673944473266602, 2.483043730183576, 1728048626311552169, 
0.9431774616241455, -4.667932033538818, 2.5336604076462366, 1728048626372062798, 
0.9383679628372192, -4.664429664611816, 2.5586901236380495, 1728048626401521985, 
0.9307412505149841, -4.659661769866943, 2.5990951158517657, 1728048626452037734, 
0.9215558767318726, -4.654288291931152, 2.6492569535985293, 1728048626511500054, 
0.9135276675224304, -4.650125503540039, 2.6902175523034457, 1728048626561486771, 
0.9054223299026489, -4.646429538726807, 2.7321426958375294, 1728048626611440625, 
0.8973564505577087, -4.642929553985596, 2.7732956692339927, 1728048626661819224, 
0.888910174369812, -4.639824867248535, 2.814748321686713, 1728048626711402439, 
0.881588876247406, -4.637342929840088, 2.8477929253352148, 1728048626752111668, 
0.8697294592857361, -4.634138107299805, 2.9045438891995996, 1728048626822110519, 
0.8605397939682007, -4.632063865661621, 2.9452137715746938, 1728048626871966663, 
0.8536849617958069, -4.630836009979248, 2.9785496939177762, 1728048626911744501, 
0.8445983529090881, -4.629241943359375, 3.0212245081596736, 1728048626962948417, 
0.8345460891723633, -4.6281023025512695, 3.064234495271534, 1728048627013374743, 
0.8250287175178528, -4.627412796020508, 3.1020433893161794, 1728048627060441089, 
0.8156455159187317, -4.627224445343018, -3.1410784720580676, 1728048627110374091, 
0.8077524304389954, -4.627255916595459, -3.106494427933354, 1728048627152492273, 
0.7986202239990234, -4.62786865234375, -3.0662431735266824, 1728048627202503996, 
0.7870811820030212, -4.629220485687256, -3.011067404056879, 1728048627270459851, 
0.7802479267120361, -4.6304240226745605, -2.9761009222311245, 1728048627311407701, 
0.7711789011955261, -4.632133483886719, -2.934031951406016, 1728048627361410957, 
0.7624956369400024, -4.634060382843018, -2.8940110156443195, 1728048627411378227, 
0.7540438175201416, -4.636457443237305, -2.8558249603390973, 1728048627459381376, 
0.7455347776412964, -4.639260292053223, -2.815482168397812, 1728048627509493305, 
0.7384244203567505, -4.6416754722595215, -2.7813029521071124, 1728048627552402219, 
0.726952850818634, -4.646146774291992, -2.727198118428895, 1728048627619304525, 
0.7223032712936401, -4.648238182067871, -2.7013359521929585, 1728048627651347881, 
0.7136418223381042, -4.652774333953857, -2.6538701603290926, 1728048627712114938, 
0.706103503704071, -4.657184600830078, -2.6133148140807623, 1728048627761408156, 
0.6986673474311829, -4.661774635314941, -2.572547402095854, 1728048627811411360, 
0.6921104788780212, -4.66669225692749, -2.533556146926408, 1728048627859388470, 
0.6848257780075073, -4.671952724456787, -2.4939712474634654, 1728048627909534211, 
0.6785524487495422, -4.676608085632324, -2.4595293566325167, 1728048627951385004, 
0.6713677644729614, -4.682403564453125, -2.4186491568246904, 1728048628001295971, 
0.6649446487426758, -4.688289165496826, -2.378516553858508, 1728048628051752052, 
0.6575161814689636, -4.6955766677856445, -2.330590746523823, 1728048628111451037, 
0.651556670665741, -4.702038764953613, -2.29084798671874, 1728048628161369034, 
0.6459133625030518, -4.708779811859131, -2.252686030357412, 1728048628211406050, 
0.639837384223938, -4.716617107391357, -2.2132200899516485, 1728048628262371028, 
0.634612500667572, -4.7241058349609375, -2.1762708509965574, 1728048628308531551, 
0.6300769448280334, -4.731014251708984, -2.1418914214508513, 1728048628351405478, 
0.6228358149528503, -4.742784023284912, -2.0834649780805807, 1728048628423091879, 
0.6186867952346802, -4.750551700592041, -2.047706181500238, 1728048628467821462, 
0.6149626970291138, -4.758305549621582, -2.013249431791871, 1728048628511448826, 
0.6109362840652466, -4.7673821449279785, -1.9751157825068308, 1728048628561411421, 
0.607258141040802, -4.776497840881348, -1.9368781029789668, 1728048628611391859, 
0.6039577722549438, -4.785742282867432, -1.897773393410367, 1728048628662397668, 
0.6013893485069275, -4.794047832489014, -1.8629752715483137, 1728048628707524153, 
0.5990959405899048, -4.802149295806885, -1.8277345435141255, 1728048628751390059, 
0.5967943668365479, -4.811498641967773, -1.7862613746295346, 1728048628801753755, 
0.59480220079422, -4.821229457855225, -1.7469387294458751, 1728048628851424565, 
0.5931856036186218, -4.833132266998291, -1.700721562289203, 1728048628911503891, 
0.5920559167861938, -4.842748641967773, -1.662203366088755, 1728048628961413341, 
0.5914317965507507, -4.852417945861816, -1.624203913131554, 1728048629011376865, 
0.5910516381263733, -4.862118244171143, -1.5852914057673797, 1728048629061418952, 
0.5911864042282104, -4.8709540367126465, -1.551235155907489, 1728048629106402973, 
0.5915645360946655, -4.879819393157959, -1.5171109005036072, 1728048629151392956, 
0.5923579931259155, -4.889622211456299, -1.4795902091741848, 1728048629202008370, 
0.5934476852416992, -4.899162769317627, -1.4404970847662752, 1728048629251606914, 
0.5954096913337708, -4.911020278930664, -1.3923100604244318, 1728048629311405291, 
0.5972638726234436, -4.920655250549316, -1.3533336305344028, 1728048629361421253, 
0.5996348857879639, -4.930073261260986, -1.3133301463365388, 1728048629411402356, 
0.6022529602050781, -4.939609527587891, -1.2743957863099116, 1728048629461391883, 
0.6053685545921326, -4.948980331420898, -1.2366694476927549, 1728048629512382694, 
0.6081271767616272, -4.956230163574219, -1.2065800460343505, 1728048629551568250, 
0.6118507385253906, -4.965143203735352, -1.1677451110356638, 1728048629601498747, 
0.6174901723861694, -4.977466583251953, -1.1130685651937737, 1728048629672625413, 
0.6211124062538147, -4.984377861022949, -1.0822062906154228, 1728048629711405718, 
0.626051127910614, -4.992997646331787, -1.045072030629509, 1728048629761382629, 
0.6312447786331177, -5.001357078552246, -1.0073991753953442, 1728048629811405833, 
0.6366341710090637, -5.009396553039551, -0.9700920765438527, 1728048629861402268, 
0.6423344612121582, -5.017337799072266, -0.9316777507493021, 1728048629912383510, 
0.6471372246742249, -5.0234880447387695, -0.9021901381772828, 1728048629951401249, 
0.6534198522567749, -5.031077861785889, -0.8642504542154272, 1728048630001230895, 
0.6625592708587646, -5.0412774085998535, -0.8085006617014724, 1728048630072914155, 
0.6681761145591736, -5.046849250793457, -0.778223729744292, 1728048630111395646, 
0.6753818988800049, -5.053643226623535, -0.7407433244784943, 1728048630161577105, 
0.6827600002288818, -5.06007719039917, -0.7033061306881058, 1728048630211390624, 
0.6903152465820312, -5.066255569458008, -0.6652831848041881, 1728048630261413097, 
0.698317289352417, -5.072019577026367, -0.628307228758892, 1728048630311413327, 
0.7046747803688049, -5.076663017272949, -0.5967589398996155, 1728048630353403782, 
0.712621808052063, -5.081741809844971, -0.5601271516565856, 1728048630401910469, 
0.7211247682571411, -5.086651802062988, -0.5220126423680196, 1728048630451407421, 
0.7315099239349365, -5.092456340789795, -0.476727280158675, 1728048630512418833, 
0.7410171627998352, -5.096956729888916, -0.4381649232952743, 1728048630564390224, 
0.7486346960067749, -5.10020637512207, -0.4061344950538145, 1728048630607419233, 
0.7575659155845642, -5.103809833526611, -0.3697122672857886, 1728048630656401977, 
0.766523003578186, -5.106955528259277, -0.33246135701937934, 1728048630706409244, 
0.7758480310440063, -5.110055446624756, -0.29493375426152285, 1728048630757421491, 
0.784244179725647, -5.112264156341553, -0.262116801631356, 1728048630801647869, 
0.7980361580848694, -5.1155571937561035, -0.208455122352935, 1728048630872051479, 
0.8057811260223389, -5.117100238800049, -0.17879445304206912, 1728048630912414120, 
0.8153935074806213, -5.118475437164307, -0.14206215411801898, 1728048630961434044, 
0.8251026272773743, -5.119582176208496, -0.10400393387248456, 1728048631011405334, 
0.8351243138313293, -5.120454788208008, -0.06758497577212821, 1728048631061423731, 
0.8452123999595642, -5.120820999145508, -0.030677288899568694, 1728048631111392064, 
0.8532326817512512, -5.120884418487549, -0.0020099400429403782, 1728048631151431532, 
0.8632310032844543, -5.120532512664795, 0.03398039684085514, 1728048631201792319, 
0.8771000504493713, -5.119630813598633, 0.08506702042221315, 1728048631271657892, 
0.8848231434822083, -5.1186957359313965, 0.11416072867044452, 1728048631311437114, 
0.8945373296737671, -5.117274761199951, 0.1511093392318635, 1728048631361427907, 
0.9041953682899475, -5.115534782409668, 0.18881763337116164, 1728048631411421159, 
0.9137091636657715, -5.113389015197754, 0.2252581463015434, 1728048631461424293, 
0.9232357144355774, -5.110895156860352, 0.2616156651746217, 1728048631511400574, 
0.9306349754333496, -5.1086835861206055, 0.28996904799627116, 1728048631551492241, 
0.9399099946022034, -5.105661869049072, 0.32711138317283295, 1728048631602968195, 
0.9527084231376648, -5.100773811340332, 0.3781725335079569, 1728048631671455820, 
0.9599053263664246, -5.097585678100586, 0.4076472713059898, 1728048631711417694, 
0.9690176248550415, -5.0934247970581055, 0.44493503984343163, 1728048631762432390, 
0.9779289960861206, -5.088953971862793, 0.4816684550125253, 1728048631811590238, 
0.9865665435791016, -5.084031105041504, 0.5170353579490854, 1728048631861568004, 
0.9950442314147949, -5.078799247741699, 0.5531017543985784, 1728048631911464974, 
1.0015162229537964, -5.074533939361572, 0.5816576508209109, 1728048631951482292, 
1.0094332695007324, -5.069091796875, 0.6184732152427321, 1728048632002543064, 
1.020348310470581, -5.060733795166016, 0.6679080109703056, 1728048632071999499, 
1.026448130607605, -5.055755138397217, 0.6963854867179557, 1728048632111659657, 
1.0338668823242188, -5.049244403839111, 0.7328879095957755, 1728048632162886287, 
1.0411171913146973, -5.042269706726074, 0.7676335153216336, 1728048632211850102, 
1.0478283166885376, -5.035164833068848, 0.8028812436160903, 1728048632261815952, 
1.0545295476913452, -5.027804374694824, 0.8399056411485025, 1728048632311812971, 
1.059601902961731, -5.021862983703613, 0.8684725493496841, 1728048632351493378, 
1.0660382509231567, -5.014147758483887, 0.9046083066603746, 1728048632402521902, 
1.0719484090805054, -5.006100177764893, 0.9391770378048337, 1728048632452182503, 
1.0785953998565674, -4.996277332305908, 0.9818162427833693, 1728048632511570658, 
1.0839893817901611, -4.988034248352051, 1.0189038800247296, 1728048632562578567, 
1.088936448097229, -4.979460716247559, 1.0543322000185518, 1728048632611550702, 
1.093523621559143, -4.970396518707275, 1.0903347352826744, 1728048632661480155, 
1.097985029220581, -4.96120548248291, 1.125806772061086, 1728048632711505219, 
1.1013143062591553, -4.953806400299072, 1.153706808929983, 1728048632752166734, 
1.1053048372268677, -4.944401741027832, 1.1898556738861383, 1728048632803679868, 
1.109790563583374, -4.931591510772705, 1.2376700427831528, 1728048632870421493, 
1.1121611595153809, -4.923770427703857, 1.2659884884582804, 1728048632912631086, 
1.1148693561553955, -4.914081573486328, 1.3015795343553545, 1728048632962427359, 
1.1173474788665771, -4.904195308685303, 1.3363650134937453, 1728048633013424847, 
1.1191662549972534, -4.89440393447876, 1.3680713483181897, 1728048633060665113, 
1.1209722757339478, -4.884814262390137, 1.4032118057740488, 1728048633110418773, 
1.1221747398376465, -4.876864433288574, 1.4321048453794496, 1728048633151451437, 
1.1232783794403076, -4.867072582244873, 1.4664739700677933, 1728048633201563548, 
1.1242849826812744, -4.853691101074219, 1.515125321484104, 1728048633269675825, 
1.1244940757751465, -4.845468044281006, 1.545117452892564, 1728048633311427213, 
1.1245312690734863, -4.835458278656006, 1.5801249319618236, 1728048633361618000, 
1.124206304550171, -4.825429916381836, 1.6130906453667342, 1728048633411431361, 
1.1234136819839478, -4.815996170043945, 1.6467681313600875, 1728048633459433274, 
1.122389793395996, -4.805976867675781, 1.6831773656102647, 1728048633509455002, 
1.1212581396102905, -4.797795295715332, 1.7118263923277006, 1728048633551517795, 
1.1196467876434326, -4.788354396820068, 1.7466893010815236, 1728048633602167459, 
1.116878628730774, -4.77514123916626, 1.7931386041228432, 1728048633669998918, 
1.1148040294647217, -4.767055034637451, 1.8215354165580704, 1728048633711447834, 
1.1119871139526367, -4.757441520690918, 1.8551130941828393, 1728048633761449187, 
1.1089859008789062, -4.7480340003967285, 1.8889987951426666, 1728048633811427155, 
1.1057193279266357, -4.7389607429504395, 1.9256329481094432, 1728048633863435592, 
1.1021668910980225, -4.730360984802246, 1.957412151915268, 1728048633908418183, 
1.098644733428955, -4.722508430480957, 1.9864745535741184, 1728048633951530796, 
1.0943714380264282, -4.713228225708008, 2.0208802911703643, 1728048634001542394, 
1.0898821353912354, -4.704248905181885, 2.0554145351939956, 1728048634051845104, 
1.0839403867721558, -4.693826675415039, 2.0950196651449398, 1728048634111452407, 
1.0786494016647339, -4.685267448425293, 2.1290145090507147, 1728048634161461063, 
1.0733147859573364, -4.677102088928223, 2.1630158726125903, 1728048634211279724, 
1.0674933195114136, -4.669076442718506, 2.198162539222979, 1728048634262419274, 
1.0619266033172607, -4.662057876586914, 2.228244209233988, 1728048634308420302, 
1.0566210746765137, -4.655479431152344, 2.2568011188185686, 1728048634351545836, 
1.0502368211746216, -4.648135185241699, 2.2896538370959925, 1728048634401653949, 
1.0434131622314453, -4.640739440917969, 2.3249087543343636, 1728048634451308912, 
1.0350357294082642, -4.632424831390381, 2.3648121826863524, 1728048634511448379, 
1.0278061628341675, -4.625576496124268, 2.3983140848625597, 1728048634561424277, 
1.020290493965149, -4.618966102600098, 2.4314483247190366, 1728048634611421998, 
1.0124717950820923, -4.61268424987793, 2.4627373428372756, 1728048634661608083, 
1.0050209760665894, -4.6069769859313965, 2.4930662655136913, 1728048634707459639, 
0.9977518916130066, -4.601712226867676, 2.5221337805993493, 1728048634751530352, 
0.9897633194923401, -4.596279144287109, 2.5577491282415385, 1728048634801414842, 
0.9813787937164307, -4.591043949127197, 2.5915393124516397, 1728048634851593493, 
0.9707071185112, -4.5848846435546875, 2.630829143105365, 1728048634911457549, 
0.9616211652755737, -4.5802903175354, 2.663422117149277, 1728048634961468741, 
0.9526249170303345, -4.575692653656006, 2.6975390828787487, 1728048635011440893, 
0.9434343576431274, -4.571678638458252, 2.730327768919624, 1728048635061427956, 
0.9340660572052002, -4.567778587341309, 2.7646008009045495, 1728048635113429955, 
0.9268324375152588, -4.565223217010498, 2.789644723813978, 1728048635151557722, 
0.917397141456604, -4.561989784240723, 2.821928455110617, 1728048635202168109, 
0.9039095044136047, -4.557743549346924, 2.868014333694604, 1728048635272639475, 
0.8963102102279663, -4.555837154388428, 2.893581382103426, 1728048635311609247, 
0.8865426182746887, -4.553692817687988, 2.92775297261902, 1728048635361430041, 
0.8769420981407166, -4.551823139190674, 2.9596555165242027, 1728048635411455379, 
0.8670865297317505, -4.550374507904053, 2.9915425949319916, 1728048635461457583, 
0.8571807146072388, -4.549099922180176, 3.024299854193027, 1728048635512430556, 
0.849220871925354, -4.548283576965332, 3.0492575126193917, 1728048635552553213, 
0.839396059513092, -4.54766845703125, 3.080726860400071, 1728048635601926883, 
0.8291221857070923, -4.547313690185547, 3.1135413641245577, 1728048635652107866, 
0.8171758055686951, -4.547092437744141, -3.1303675165509697, 1728048635711462257, 
0.8070813417434692, -4.547601222991943, -3.0969154889470936, 1728048635761472934, 
0.7970035076141357, -4.548442840576172, -3.0631492180960165, 1728048635811433934, 
0.7871232032775879, -4.5493693351745605, -3.030612471220164, 1728048635861454591, 
0.7771716713905334, -4.550694465637207, -2.998518902297763, 1728048635912459713, 
0.7691412568092346, -4.552051067352295, -2.9736640707825663, 1728048635953448328, 
0.7596920728683472, -4.5540266036987305, -2.9444429865898543, 1728048636001777889, 
0.7460688948631287, -4.5573506355285645, -2.899139659620024, 1728048636073203121, 
0.7383870482444763, -4.559296607971191, -2.873225432224564, 1728048636113595887, 
0.7290781736373901, -4.562224864959717, -2.843361632425778, 1728048636161409843, 
0.7195295095443726, -4.56546688079834, -2.81129165982869, 1728048636211466677, 
0.7099418044090271, -4.569024085998535, -2.779780427337989, 1728048636261437082, 
0.7005616426467896, -4.57297945022583, -2.7473221068361697, 1728048636312437972, 
0.6934442520141602, -4.575929164886475, -2.7203661541853976, 1728048636353462151, 
0.6846262216567993, -4.580284118652344, -2.689260377383672, 1728048636401562801, 
0.6719908118247986, -4.58704948425293, -2.643334917596746, 1728048636473115132, 
0.6649112105369568, -4.5911149978637695, -2.617413580902455, 1728048636512441643, 
0.6564830541610718, -4.596151351928711, -2.586208339690749, 1728048636561474112, 
0.6480728983879089, -4.60169792175293, -2.5536768705650803, 1728048636611449258, 
0.6398105621337891, -4.607429027557373, -2.5218579386282762, 1728048636661475692, 
0.6314499378204346, -4.613681793212891, -2.4912444107912646, 1728048636712513646, 
0.625111997127533, -4.618566513061523, -2.467428474538363, 1728048636752456159, 
0.6173884868621826, -4.625042915344238, -2.4376158649605197, 1728048636801538337, 
0.6071164608001709, -4.634174823760986, -2.396193719052123, 1728048636873176315, 
0.6016238331794739, -4.639601230621338, -2.371719832352404, 1728048636911526093, 
0.5947409272193909, -4.646627902984619, -2.3394158602960156, 1728048636961473066, 
0.587663471698761, -4.654344081878662, -2.3075136084363543, 1728048637011465826, 
0.5809999108314514, -4.661847114562988, -2.2776541880805294, 1728048637061449004, 
0.5746594071388245, -4.669540882110596, -2.2471496964309474, 1728048637112469948, 
0.5696584582328796, -4.675957679748535, -2.2233137704078136, 1728048637152469474, 
0.5639018416404724, -4.684072017669678, -2.1938881489891315, 1728048637201381843, 
0.5559377074241638, -4.69539737701416, -2.150731931298082, 1728048637273114837, 
0.5517145991325378, -4.702106475830078, -2.1267527188380164, 1728048637312468572, 
0.5466589331626892, -4.7106499671936035, -2.095843886721682, 1728048637363487176, 
0.5421797633171082, -4.719085693359375, -2.0657258060708195, 1728048637411464517, 
0.5375844240188599, -4.728113174438477, -2.0334600689595512, 1728048637461471945, 
0.53338223695755, -4.736774444580078, -2.001940724734225, 1728048637512452632, 
0.530493438243866, -4.743197917938232, -1.9797151987478885, 1728048637552457751, 
0.527222752571106, -4.751335144042969, -1.9525597736667373, 1728048637601783443, 
0.5224659442901611, -4.764151573181152, -1.9097215163206969, 1728048637671495471, 
0.5198927521705627, -4.772156238555908, -1.8864368726291316, 1728048637712818863, 
0.5169548988342285, -4.781735897064209, -1.8571124481682708, 1728048637762642317, 
0.5145304203033447, -4.790973663330078, -1.8276615757725423, 1728048637812594799, 
0.5123336315155029, -4.800745487213135, -1.7974580885456242, 1728048637861518077, 
0.5103719830513, -4.810574054718018, -1.7656772185664846, 1728048637911510493, 
0.5088343620300293, -4.818614482879639, -1.74168666313694, 1728048637952468543, 
0.5072327852249146, -4.828290939331055, -1.7122716964045113, 1728048638002272702, 
0.5062155723571777, -4.838165760040283, -1.6822895857833586, 1728048638051631777, 
0.5050252079963684, -4.850177764892578, -1.645174806752085, 1728048638111905603, 
0.5044460296630859, -4.8603739738464355, -1.6146538863681363, 1728048638162935170, 
0.5043194890022278, -4.870224475860596, -1.5868140682497265, 1728048638211969701, 
0.5043429732322693, -4.880070686340332, -1.5584161453310612, 1728048638261911173, 
0.5045722723007202, -4.889970302581787, -1.5280941560353594, 1728048638311843293, 
0.505028486251831, -4.897712707519531, -1.5032999992252374, 1728048638352508443, 
0.5058726072311401, -4.907687187194824, -1.4736331757608427, 1728048638402793265, 
0.5070416331291199, -4.9176506996154785, -1.444758230342144, 1728048638451401880, 
0.508978009223938, -4.929340839385986, -1.4100117516953503, 1728048638511674245, 
0.5106340050697327, -4.939304351806641, -1.3804129837245194, 1728048638563552121, 
0.5125442743301392, -4.949152946472168, -1.3515259986981005, 1728048638614654976, 
0.5148890018463135, -4.958049774169922, -1.3241753281686126, 1728048638660615554, 
0.5174086689949036, -4.967475891113281, -1.2946208327635078, 1728048638710826146, 
0.5197824835777283, -4.9755988121032715, -1.270326414842814, 1728048638753809532, 
0.522940456867218, -4.985232830047607, -1.241226471196684, 1728048638803718082, 
0.5264739990234375, -4.994451999664307, -1.2130516641208764, 1728048638852987120, 
0.5307888388633728, -5.005506992340088, -1.1784411666516021, 1728048638912477646, 
0.5348614454269409, -5.0144548416137695, -1.1498084557157195, 1728048638961473996, 
0.5392268896102905, -5.023505687713623, -1.1197923256259057, 1728048639012671832, 
0.5437173843383789, -5.032116413116455, -1.0927406151365957, 1728048639060474062, 
0.548504114151001, -5.040894031524658, -1.064100098965645, 1728048639110453597, 
0.5524327158927917, -5.047993183135986, -1.039227759847611, 1728048639152478207, 
0.557532787322998, -5.0563459396362305, -1.0111860410791635, 1728048639202059336, 
0.5650472640991211, -5.067654132843018, -0.9708181318183129, 1728048639269843119, 
0.5699610114097595, -5.074631690979004, -0.9465105196305585, 1728048639312821450, 
0.5759719610214233, -5.082584381103516, -0.9186832992559101, 1728048639361477132, 
0.5822020173072815, -5.090438365936279, -0.8903026345854576, 1728048639411502873, 
0.5882480144500732, -5.097656726837158, -0.8630793690842674, 1728048639459477052, 
0.5947133898735046, -5.104727268218994, -0.8339503170185264, 1728048639509457043, 
0.6004374623298645, -5.110901832580566, -0.8092221535056456, 1728048639552515226, 
0.6072977781295776, -5.117894649505615, -0.7817770290837248, 1728048639602425762, 
0.6146249175071716, -5.124680519104004, -0.7556016235200699, 1728048639651260706, 
0.623378336429596, -5.13270378112793, -0.7209805949673833, 1728048639712498166, 
0.6308212876319885, -5.139003753662109, -0.6914028336833034, 1728048639762505493, 
0.6387700438499451, -5.145172119140625, -0.6633221509874643, 1728048639811500625, 
0.646937370300293, -5.151460647583008, -0.6336478982739921, 1728048639863472112, 
0.6543049812316895, -5.156559467315674, -0.6088154239166966, 1728048639908478006, 
0.6615699529647827, -5.161418437957764, -0.5838611243930356, 1728048639952566182, 
0.669802188873291, -5.166620254516602, -0.5563775532326455, 1728048640001604115, 
0.6811267733573914, -5.173338413238525, -0.5192838645761483, 1728048640068957956, 
0.6888700723648071, -5.177653789520264, -0.4953019324261357, 1728048640112498078, 
0.6975691914558411, -5.182191371917725, -0.4680169080117026, 1728048640162482177, 
0.7063680291175842, -5.186524868011475, -0.44192101850614546, 1728048640211465847, 
0.715474545955658, -5.190629959106445, -0.4139681211634812, 1728048640262505199, 
0.7237501740455627, -5.194178104400635, -0.38826824316281017, 1728048640308468476, 
0.7317379713058472, -5.197390556335449, -0.3626057866388515, 1728048640352528085, 
0.7412448525428772, -5.200838088989258, -0.33553079049840384, 1728048640402858897, 
0.7506987452507019, -5.2038493156433105, -0.30940047365998097, 1728048640452075015, 
0.7620436549186707, -5.207067012786865, -0.27495625217144626, 1728048640512500322, 
0.7713996767997742, -5.209621906280518, -0.24804216810682891, 1728048640562516967, 
0.7809790372848511, -5.211960792541504, -0.22145338980541937, 1728048640611471608, 
0.7907780408859253, -5.2139387130737305, -0.19431320267994512, 1728048640661506500, 
0.8008331060409546, -5.2158732414245605, -0.16704023616202612, 1728048640712472839, 
0.8087201714515686, -5.216963768005371, -0.1455341159104594, 1728048640752555509, 
0.8227234482765198, -5.218868732452393, -0.10620955520007778, 1728048640822209406, 
0.8284337520599365, -5.219477653503418, -0.09023461084307002, 1728048640852042907, 
0.8402060866355896, -5.220332622528076, -0.05713399849999411, 1728048640912826938, 
0.8500413298606873, -5.220718860626221, -0.029809746940767736, 1728048640961509288, 
0.8602466583251953, -5.2209601402282715, -0.0034671875122597447, 1728048641011496952, 
0.8699139952659607, -5.220832347869873, 0.022315908582770615, 1728048641061501704, 
0.8787054419517517, -5.220451354980469, 0.04785769018868808, 1728048641107501632, 
0.8882143497467041, -5.2198286056518555, 0.07489927164283545, 1728048641157559930, 
0.8981214761734009, -5.218981742858887, 0.10163074713237537, 1728048641206803380, 
0.9060923457145691, -5.218055725097656, 0.12318059864387015, 1728048641246405213, 
0.9199810028076172, -5.2161760330200195, 0.15955539069799035, 1728048641316507554, 
0.9298752546310425, -5.2144598960876465, 0.1863841495662207, 1728048641366514619, 
0.9377145767211914, -5.2127604484558105, 0.20788609606306774, 1728048641406505323, 
0.9473421573638916, -5.2105231285095215, 0.23474201255436494, 1728048641457503926, 
0.9570812582969666, -5.208184719085693, 0.26171867457473913, 1728048641508480146, 
0.9661409854888916, -5.20562744140625, 0.28602882027209386, 1728048641555591154, 
0.975697934627533, -5.2025580406188965, 0.31270635512497497, 1728048641605798746, 
0.9874899983406067, -5.198634147644043, 0.3471005568841634, 1728048641668948756, 
0.996544361114502, -5.195391654968262, 0.3715597433563503, 1728048641715522610, 
1.005346417427063, -5.191779613494873, 0.3956447793769521, 1728048641762453853, 
1.014259934425354, -5.187747478485107, 0.4218904961746269, 1728048641811509340, 
1.0234342813491821, -5.183490753173828, 0.44726180490959616, 1728048641861478972, 
1.0322940349578857, -5.179074287414551, 0.47363001094154594, 1728048641912483293, 
1.0391353368759155, -5.175565242767334, 0.49533850060022305, 1728048641953510540, 
1.0510531663894653, -5.168909549713135, 0.5304873834262497, 1728048642022689289, 
1.0597301721572876, -5.163647651672363, 0.5559934155008397, 1728048642072426535, 
1.066489338874817, -5.159417629241943, 0.5772985418688599, 1728048642113510355, 
1.0747557878494263, -5.153750419616699, 0.6027447830832804, 1728048642162525594, 
1.082733392715454, -5.147972583770752, 0.6290974033118164, 1728048642212503234, 
1.090840220451355, -5.14207649230957, 0.6559501210931198, 1728048642262512007, 
1.0986673831939697, -5.1359758377075195, 0.6808323764938313, 1728048642312483691, 
1.1048113107681274, -5.130950450897217, 0.7006825458713934, 1728048642352582621, 
1.1125540733337402, -5.124242305755615, 0.7260290616760721, 1728048642402796455, 
1.122559905052185, -5.114796161651611, 0.7612665160932458, 1728048642472289447, 
1.1282269954681396, -5.109276294708252, 0.7826611457768252, 1728048642512591191, 
1.1353087425231934, -5.102029323577881, 0.8083637368972105, 1728048642562524399, 
1.1417003870010376, -5.095186233520508, 0.8339574377768829, 1728048642612553252, 
1.148733377456665, -5.087197780609131, 0.8594175619433126, 1728048642662486901, 
1.1551423072814941, -5.079452991485596, 0.8854348623570399, 1728048642712525122, 
1.159816861152649, -5.073502063751221, 0.9070073138625446, 1728048642752595937, 
1.1658371686935425, -5.065511226654053, 0.9315535747367905, 1728048642802911756, 
1.171736717224121, -5.0573554039001465, 0.9570480489586922, 1728048642852679020, 
1.178406000137329, -5.047750949859619, 0.9853949433237751, 1728048642912499021, 
1.1837012767791748, -5.039449214935303, 1.010210337136385, 1728048642962523895, 
1.188845157623291, -5.030863285064697, 1.036057135085973, 1728048643012517448, 
1.1938154697418213, -5.022285461425781, 1.0601398686222943, 1728048643062520186, 
1.1987603902816772, -5.0133514404296875, 1.0851142030147056, 1728048643112522388, 
1.2024625539779663, -5.006052494049072, 1.1050330350327284, 1728048643152618428, 
1.206931710243225, -4.997217178344727, 1.1308001270177623, 1728048643203863749, 
1.2124842405319214, -4.984726905822754, 1.1658805464604836, 1728048643272350001, 
1.2157070636749268, -4.977264404296875, 1.1849293724481589, 1728048643312615133, 
1.2193446159362793, -4.967970848083496, 1.209172375393312, 1728048643363495738, 
1.222774624824524, -4.958543300628662, 1.2324113075098206, 1728048643412556897, 
1.2259787321090698, -4.949251174926758, 1.256318815298024, 1728048643462503774, 
1.2289190292358398, -4.939754962921143, 1.2810659955239987, 1728048643512494989, 
1.2310937643051147, -4.932063579559326, 1.301675790377418, 1728048643552618632, 
1.23473060131073, -4.91830587387085, 1.3354196720462934, 1728048643623020320, 
1.2368462085723877, -4.908761501312256, 1.3597605074502688, 1728048643672764983, 
1.2381664514541626, -4.901391983032227, 1.379215013982924, 1728048643712671560, 
1.2400295734405518, -4.891762733459473, 1.4027594748435226, 1728048643762697596, 
1.2416956424713135, -4.881950855255127, 1.4267032006733937, 1728048643812662661, 
1.2430105209350586, -4.872752666473389, 1.4502926097283444, 1728048643862524953, 
1.2440775632858276, -4.863818168640137, 1.4732421347502274, 1728048643912691362, 
1.2447984218597412, -4.8558125495910645, 1.4925180976052195, 1728048643952513709, 
1.2454715967178345, -4.845787525177002, 1.517567320191959, 1728048644002993261, 
1.2460366487503052, -4.8323211669921875, 1.5523025774458081, 1728048644072715252, 
1.2461742162704468, -4.824151039123535, 1.57138273344162, 1728048644113101796, 
1.246082067489624, -4.813998222351074, 1.5948709549729976, 1728048644162518209, 
1.2458360195159912, -4.8041090965271, 1.6175432162120402, 1728048644214061031, 
1.2450975179672241, -4.794443130493164, 1.640449770534049, 1728048644262969894, 
1.244527816772461, -4.7847900390625, 1.6650376886636735, 1728048644311794387, 
1.243735432624817, -4.776767730712891, 1.6848170191423506, 1728048644353320381, 
1.2424745559692383, -4.766324520111084, 1.7081477520580308, 1728048644404164137, 
1.2410595417022705, -4.75626802444458, 1.7314398363674424, 1728048644454246462, 
1.2390599250793457, -4.744485378265381, 1.7589358357709015, 1728048644513574885, 
1.2370820045471191, -4.735080718994141, 1.7843578563029678, 1728048644563634176, 
1.2349309921264648, -4.725705146789551, 1.8078077463503057, 1728048644612609331, 
1.2326889038085938, -4.716409206390381, 1.828631974453759, 1728048644660773973, 
1.229995846748352, -4.706581115722656, 1.851053279250902, 1728048644710681730, 
1.227618932723999, -4.6987810134887695, 1.870513611163169, 1728048644752923701, 
1.2246845960617065, -4.689474582672119, 1.8939536238195207, 1728048644802948578, 
1.2202125787734985, -4.676840782165527, 1.924716384564748, 1728048644870504508, 
1.2181510925292969, -4.671157360076904, 1.9385286161836839, 1728048644900550447, 
1.2134753465652466, -4.659732341766357, 1.9668865897730965, 1728048644962523494, 
1.2095208168029785, -4.650630950927734, 1.989810871554102, 1728048645012521898, 
1.205669641494751, -4.6419219970703125, 2.012713472761889, 1728048645060524998, 
1.2014307975769043, -4.632997512817383, 2.036404615932704, 1728048645110527283, 
1.197629690170288, -4.625527858734131, 2.0558365309923605, 1728048645152613364, 
1.1929152011871338, -4.616739749908447, 2.078051073658518, 1728048645202310136, 
1.186340093612671, -4.6052470207214355, 2.1070726842084486, 1728048645269982521, 
1.1820180416107178, -4.597973823547363, 2.1267150270816404, 1728048645312534993, 
1.1765694618225098, -4.589321136474609, 2.149430279867162, 1728048645362551539, 
1.1714051961898804, -4.581337928771973, 2.171825006969947, 1728048645412528708, 
1.1657631397247314, -4.573163032531738, 2.1942667897567825, 1728048645463526340, 
1.1600421667099, -4.565379619598389, 2.214710124607287, 1728048645509558382, 
1.154962182044983, -4.5588297843933105, 2.234568131965808, 1728048645552530838, 
1.148813009262085, -4.551007270812988, 2.2581315588979693, 1728048645603204289, 
1.142477035522461, -4.543400764465332, 2.280200926171303, 1728048645654010179, 
1.134618878364563, -4.534311294555664, 2.306276323359971, 1728048645713062408, 
1.1277414560317993, -4.526869297027588, 2.327464092505272, 1728048645762582909, 
1.1208182573318481, -4.519796848297119, 2.3488048630271803, 1728048645812553918, 
1.113884687423706, -4.512722492218018, 2.3721012839982016, 1728048645862518085, 
1.1071128845214844, -4.506335258483887, 2.3930048903724552, 1728048645908599112, 
1.1004396677017212, -4.5001654624938965, 2.4125189221069765, 1728048645952554733, 
1.0930882692337036, -4.493753433227539, 2.433954800612835, 1728048646002461041, 
1.085316777229309, -4.4873456954956055, 2.457662952381952, 1728048646052576125, 
1.0760178565979004, -4.480130672454834, 2.4840959043360984, 1728048646112774961, 
1.0681016445159912, -4.474118232727051, 2.5050263532772137, 1728048646162559913, 
1.0599172115325928, -4.46824312210083, 2.526466879198569, 1728048646212515749, 
1.0517346858978271, -4.462530612945557, 2.548072037265547, 1728048646262516149, 
1.0446922779083252, -4.457784175872803, 2.567976972123562, 1728048646306660345, 
1.0366140604019165, -4.452727794647217, 2.587964915468351, 1728048646352533388, 
1.0280113220214844, -4.447516441345215, 2.608275860677675, 1728048646403170527, 
1.01934015750885, -4.442655086517334, 2.6287304817744266, 1728048646452541215, 
1.008838415145874, -4.4368391036987305, 2.6557159908680514, 1728048646512872435, 
1.0000193119049072, -4.432277679443359, 2.6773075974503424, 1728048646562531771, 
0.9910971522331238, -4.427929878234863, 2.698981775969043, 1728048646612550874, 
0.9818040728569031, -4.423624515533447, 2.7193465521123774, 1728048646662536175, 
0.9727583527565002, -4.4196977615356445, 2.7394638489002663, 1728048646712522377, 
0.9652371406555176, -4.416600227355957, 2.7562673299598246, 1728048646752549434, 
0.9558696746826172, -4.412965297698975, 2.777156162201044, 1728048646803147680, 
0.9425500631332397, -4.407898426055908, 2.8082494569267085, 1728048646872719490, 
0.9347904920578003, -4.405332565307617, 2.825372419894058, 1728048646912749318, 
0.9247227311134338, -4.402250289916992, 2.845575319510668, 1728048646962560280, 
0.9147002696990967, -4.399379730224609, 2.8665456710562034, 1728048647012527793, 
0.9060395359992981, -4.397068023681641, 2.8857693526468413, 1728048647057551355, 
0.8966336250305176, -4.3948163986206055, 2.90715644853402, 1728048647107521567, 
0.8868582844734192, -4.392524242401123, 2.9278523823034637, 1728048647157540179, 
0.877328634262085, -4.390532493591309, 2.947682116351094, 1728048647206998584, 
0.8651219606399536, -4.388397693634033, 2.972079736689642, 1728048647268467874, 
0.8559670448303223, -4.386902809143066, 2.991680148785391, 1728048647316898276, 
0.8462538123130798, -4.385613918304443, 3.013151393956072, 1728048647366561104, 
0.8378681540489197, -4.3846354484558105, 3.0302829727466896, 1728048647408555386, 
0.8274215459823608, -4.383573532104492, 3.0514480987974624, 1728048647457528725, 
0.817794680595398, -4.382875919342041, 3.072031018041866, 1728048647507533928, 
0.8085301518440247, -4.382267475128174, 3.091838603552253, 1728048647555542770, 
0.7989926338195801, -4.381927967071533, 3.110952852617727, 1728048647606083223, 
0.7856038808822632, -4.381655216217041, 3.137677908247377, 1728048647672914189, 
0.7773984670639038, -4.381793975830078, -3.1296110159781363, 1728048647713814493, 
0.7676644921302795, -4.381960868835449, -3.109785547468344, 1728048647762571942, 
0.7577376961708069, -4.382368564605713, -3.0894989930512176, 1728048647812570669, 
0.7476232051849365, -4.382954120635986, -3.069263697201569, 1728048647862556856, 
0.7375816106796265, -4.383818626403809, -3.049630879596822, 1728048647912529371, 
0.729597806930542, -4.384610652923584, -3.0341155570336036, 1728048647953993931, 
0.7194733619689941, -4.385850429534912, -3.0137822716474973, 1728048648003191630, 
0.709246814250946, -4.387287616729736, -2.991289639719371, 1728048648052531624, 
0.6974395513534546, -4.389171123504639, -2.964527576738942, 1728048648113805967, 
0.6880950927734375, -4.391005992889404, -2.9461300433428197, 1728048648162547481, 
0.6788310408592224, -4.392908096313477, -2.9280171253642764, 1728048648212560257, 
0.6691259741783142, -4.395303249359131, -2.9110989233633364, 1728048648262559714, 
0.6593643426895142, -4.397614002227783, -2.8908607948074376, 1728048648312534927, 
0.6515876054763794, -4.399775981903076, -2.875017194942512, 1728048648352574381, 
0.641728937625885, -4.402562618255615, -2.8554232360178577, 1728048648402787955, 
0.6320827603340149, -4.405579566955566, -2.836045264563028, 1728048648453048524, 
0.6208115816116333, -4.409358024597168, -2.813191381580972, 1728048648512588676, 
0.6117240786552429, -4.412530899047852, -2.794520650292241, 1728048648562609848, 
0.6023497581481934, -4.416122913360596, -2.7743158564010777, 1728048648612531298, 
0.592736542224884, -4.419953346252441, -2.7542291379038453, 1728048648662561962, 
0.5833681225776672, -4.4241414070129395, -2.7368970276127027, 1728048648712703671, 
0.576513946056366, -4.427215576171875, -2.7216210055165013, 1728048648752621131, 
0.5679445266723633, -4.431128978729248, -2.701380637312478, 1728048648803132755, 
0.5562048554420471, -4.43682861328125, -2.675137449623924, 1728048648872969812, 
0.5489641427993774, -4.440493106842041, -2.6605152889011467, 1728048648912582041, 
0.5402079224586487, -4.445194721221924, -2.6412372351503395, 1728048648963547741, 
0.5314494371414185, -4.450067520141602, -2.6221435879445067, 1728048649012543114, 
0.5227880477905273, -4.455273628234863, -2.6035965993635406, 1728048649062552874, 
0.5143289566040039, -4.460489749908447, -2.58467200203753, 1728048649112571089, 
0.5077788829803467, -4.4647536277771, -2.5703980688845567, 1728048649152661041, 
0.49944213032722473, -4.470223903656006, -2.552248682354818, 1728048649204183232, 
0.4914940595626831, -4.475645065307617, -2.5327131215385084, 1728048649252908080, 
0.4819115400314331, -4.482553005218506, -2.5117650642590448, 1728048649312551491, 
0.4741535186767578, -4.4884514808654785, -2.4954187465713886, 1728048649362750514, 
0.4666588604450226, -4.494176864624023, -2.4779567379375043, 1728048649412544916, 
0.4591223895549774, -4.500283241271973, -2.4601668455571, 1728048649462571507, 
0.4515227675437927, -4.506528854370117, -2.439513495842661, 1728048649512543676, 
0.44545647501945496, -4.5118184089660645, -2.4227786056821006, 1728048649552628393, 
0.43780240416526794, -4.5185675621032715, -2.4041145654087077, 1728048649603399275, 
0.42782291769981384, -4.527955532073975, -2.37961225746082, 1728048649672821032, 
0.42195218801498413, -4.533647060394287, -2.3639406206033176, 1728048649712743471, 
0.4151192307472229, -4.540450096130371, -2.3445149710314506, 1728048649763789916, 
0.4085923731327057, -4.54748010635376, -2.3277485973613983, 1728048649812731414, 
0.40155819058418274, -4.5551276206970215, -2.3096070563732733, 1728048649862706704, 
0.3949081301689148, -4.562753200531006, -2.291964054401574, 1728048649912739900, 
0.39005759358406067, -4.568345546722412, -2.2779536317605187, 1728048649952648480, 
0.3840115964412689, -4.5755934715271, -2.2607545225974626, 1728048650003689967, 
0.37802746891975403, -4.583028316497803, -2.2423441184380337, 1728048650054376683, 
0.3708803653717041, -4.59244441986084, -2.2218818410233485, 1728048650114031298, 
0.3649764358997345, -4.600390434265137, -2.205248489214733, 1728048650164963829, 
0.35921597480773926, -4.6086320877075195, -2.1867201057978938, 1728048650214946799, 
0.3538942337036133, -4.616304397583008, -2.168841112673707, 1728048650261857434, 
0.34867212176322937, -4.624647617340088, -2.151882271366508, 1728048650311780069, 
0.3441219627857208, -4.631619453430176, -2.137025905965415, 1728048650354028206, 
0.33885636925697327, -4.640263557434082, -2.119448720521147, 1728048650403227216, 
0.3320365250110626, -4.651949882507324, -2.0958634204780044, 1728048650471594638, 
0.3279135823249817, -4.659123420715332, -2.080332899689059, 1728048650512580458, 
0.32311147451400757, -4.6679768562316895, -2.0630941973291415, 1728048650562567650, 
0.31875091791152954, -4.6766486167907715, -2.046634648565734, 1728048650612678899, 
0.31468307971954346, -4.68483304977417, -2.0299998111277793, 1728048650660640039, 
0.31060898303985596, -4.693232536315918, -2.011795946630009, 1728048650710560020, 
0.3073701560497284, -4.700527667999268, -1.9987286929684924, 1728048650752572071, 
0.3033386170864105, -4.709895133972168, -1.9816594346713163, 1728048650802260598, 
0.299388587474823, -4.719203948974609, -1.9636025479771193, 1728048650852927050, 
0.29514768719673157, -4.730179309844971, -1.9437757661015174, 1728048650912890274, 
0.2919090986251831, -4.739161491394043, -1.9277496649447123, 1728048650962627158, 
0.2886433005332947, -4.748435974121094, -1.9103817722277807, 1728048651012570329, 
0.2856195569038391, -4.757425785064697, -1.8947242190201146, 1728048651059569736, 
0.28256282210350037, -4.767013072967529, -1.8773532424841233, 1728048651109591593, 
0.28020864725112915, -4.77519416809082, -1.8631174657266778, 1728048651152659603, 
0.27749210596084595, -4.784598350524902, -1.8462531306216503, 1728048651202535316, 
0.27507221698760986, -4.793969631195068, -1.829285212273421, 1728048651252748901, 
0.27220800518989563, -4.805908203125, -1.810132703258405, 1728048651313096522, 
0.27014806866645813, -4.815221309661865, -1.7943330516114495, 1728048651362576729, 
0.26815593242645264, -4.824925899505615, -1.7770391812265274, 1728048651412599382, 
0.26614677906036377, -4.8352274894714355, -1.759879338706611, 1728048651463574752, 
0.26462122797966003, -4.844270706176758, -1.7447408206850763, 1728048651509586292, 
0.2633189857006073, -4.852662563323975, -1.7310909851466718, 1728048651552673453, 
0.2619577944278717, -4.862741947174072, -1.7135335790254251, 1728048651602287157, 
0.2603282630443573, -4.875799179077148, -1.6915900461990463, 1728048651668919580, 
0.2594956159591675, -4.88458251953125, -1.6788603356376346, 1728048651712831229, 
0.2586284875869751, -4.894795894622803, -1.6629160397816025, 1728048651762605279, 
0.25798460841178894, -4.9046549797058105, -1.6466448331875245, 1728048651812565897, 
0.2574331760406494, -4.914470195770264, -1.630569503208417, 1728048651862603879, 
0.2571406662464142, -4.923757076263428, -1.6154380520668854, 1728048651908564083, 
0.25694704055786133, -4.932689189910889, -1.6010695290283374, 1728048651952672486, 
0.2569980025291443, -4.942540645599365, -1.5860733973494245, 1728048652002764059, 
0.2571171820163727, -4.955395221710205, -1.5638373866215283, 1728048652068855086, 
0.2573312222957611, -4.9622344970703125, -1.5530689315884967, 1728048652102610030, 
0.2579343914985657, -4.9743218421936035, -1.5355115885592017, 1728048652163545121, 
0.25856196880340576, -4.984088897705078, -1.5198613790429907, 1728048652212605290, 
0.2592737078666687, -4.993988990783691, -1.5043070600625938, 1728048652262592458, 
0.26005682349205017, -5.003779411315918, -1.4889281082318735, 1728048652313922007, 
0.2608187198638916, -5.011376857757568, -1.4766212344820677, 1728048652352688811, 
0.2620028257369995, -5.021387577056885, -1.4616077401542458, 1728048652402797283, 
0.263339102268219, -5.031371116638184, -1.44587935488091, 1728048652452356762, 
0.26520687341690063, -5.043089389801025, -1.4270046408290102, 1728048652512994977, 
0.26679497957229614, -5.052711009979248, -1.410698215435693, 1728048652562611411, 
0.2685126066207886, -5.062299728393555, -1.395094026372257, 1728048652612583737, 
0.2705828547477722, -5.072390556335449, -1.379616786322407, 1728048652662580602, 
0.27273523807525635, -5.0819830894470215, -1.3648427827711545, 1728048652712773200, 
0.274417906999588, -5.0893425941467285, -1.3524885441106123, 1728048652752586495, 
0.27670055627822876, -5.098794460296631, -1.336263877814407, 1728048652802514435, 
0.27930405735969543, -5.108390808105469, -1.3218104843516327, 1728048652852298248, 
0.28253284096717834, -5.1200737953186035, -1.3042394950013931, 1728048652913186364, 
0.2853759229183197, -5.129247665405273, -1.2905930654067674, 1728048652962587159, 
0.2882389426231384, -5.138589382171631, -1.2740607634925258, 1728048653012604354, 
0.29149338603019714, -5.148240089416504, -1.2584252131317086, 1728048653062570919, 
0.29467928409576416, -5.157595634460449, -1.2434835993438005, 1728048653113601704, 
0.29755255579948425, -5.165052890777588, -1.2327743235092097, 1728048653152707846, 
0.3011208176612854, -5.174332618713379, -1.2190257994163454, 1728048653202615273, 
0.3057021498680115, -5.186094284057617, -1.1993534210357837, 1728048653267909288, 
0.30939313769340515, -5.195015907287598, -1.1841680734823192, 1728048653317012801, 
0.31339791417121887, -5.204092502593994, -1.1699793542812515, 1728048653366607621, 
0.316760778427124, -5.211609840393066, -1.1579065378394098, 1728048653408592604, 
0.32092034816741943, -5.220505237579346, -1.1430157417817721, 1728048653457602352, 
0.32520154118537903, -5.229403018951416, -1.1279582419792633, 1728048653508574751, 
0.329639196395874, -5.238284111022949, -1.1127455066073, 1728048653558723328, 
0.33380126953125, -5.246158123016357, -1.1001019567603036, 1728048653602351128, 
0.34034091234207153, -5.258080959320068, -1.0801692697852234, 1728048653672634540, 
0.3443330228328705, -5.265133380889893, -1.0683497205966626, 1728048653714047862, 
0.3492586314678192, -5.27345609664917, -1.0555504195521968, 1728048653762604793, 
0.3543359935283661, -5.281847953796387, -1.0420800237294723, 1728048653812604875, 
0.3597039580345154, -5.290489673614502, -1.028085348602034, 1728048653862585215, 
0.3649507164955139, -5.298583984375, -1.0147590769118815, 1728048653912601088, 
0.3692386746406555, -5.305190563201904, -1.0041891361382749, 1728048653953595156, 
0.3771546483039856, -5.316667556762695, -0.9837690221757763, 1728048654023109206, 
0.38282161951065063, -5.324603080749512, -0.9702736117589852, 1728048654073162202, 
0.38743314146995544, -5.330993175506592, -0.9596568568641775, 1728048654112618582, 
0.3930974304676056, -5.338701248168945, -0.9453977389948551, 1728048654162619985, 
0.3992343246936798, -5.346658706665039, -0.9310092520317287, 1728048654212604742, 
0.4054432213306427, -5.354709625244141, -0.918219008930271, 1728048654262609436, 
0.41166242957115173, -5.3622283935546875, -0.9046713600532362, 1728048654312583285, 
0.41667091846466064, -5.3683953285217285, -0.8921468554366476, 1728048654352700536, 
0.42308828234672546, -5.376038074493408, -0.8788672417537577, 1728048654403470652, 
0.4322107434272766, -5.386431694030762, -0.8618094373667844, 1728048654472908049, 
0.43744534254074097, -5.392208576202393, -0.8505631458441899, 1728048654512694448, 
0.4439084529876709, -5.399287223815918, -0.8356068124146263, 1728048654564601548, 
0.45086467266082764, -5.4065399169921875, -0.823287878609593, 1728048654612606823, 
0.4580521583557129, -5.414035320281982, -0.8101817025351139, 1728048654662877283, 
0.4651035964488983, -5.420965671539307, -0.7969818256658812, 1728048654713612319, 
0.47073137760162354, -5.426360607147217, -0.7860872951815816, 1728048654752598993, 
0.4779182970523834, -5.43332576751709, -0.772362068656495, 1728048654803947525, 
0.4853270947933197, -5.440090179443359, -0.7610611511308928, 1728048654852315065, 
0.49429744482040405, -5.448099613189697, -0.7463705534622556, 1728048654912595847, 
0.5016464591026306, -5.454559803009033, -0.7329342639815586, 1728048654963630510, 
0.5090495944023132, -5.4608473777771, -0.7196495042379306, 1728048655012593851, 
0.5168684720993042, -5.467403888702393, -0.7072526475821446, 1728048655062615971, 
0.5246762633323669, -5.473658084869385, -0.6946578145291008, 1728048655113615698, 
0.5309988260269165, -5.478625297546387, -0.6838210161171723, 1728048655152611387, 
0.5389401316642761, -5.4848761558532715, -0.6708130600881633, 1728048655203464192, 
0.5469294190406799, -5.490852355957031, -0.6581661100212335, 1728048655252241851, 
0.5565596222877502, -5.497978687286377, -0.6429297441894675, 1728048655312737636, 
0.5646875500679016, -5.5037713050842285, -0.6320760929891994, 1728048655363605967, 
0.5728381872177124, -5.509254455566406, -0.6207892277201055, 1728048655412618049, 
0.5809589624404907, -5.514932632446289, -0.6075140292404143, 1728048655462598847, 
0.5891548991203308, -5.520291328430176, -0.5956187688838648, 1728048655512627267, 
0.5959950685501099, -5.524688243865967, -0.5864951505021976, 1728048655553607880, 
0.6080330014228821, -5.5320611000061035, -0.5683555718307833, 1728048655622617935, 
0.613183856010437, -5.535213947296143, -0.5601682099907836, 1728048655653039661, 
0.6231032013893127, -5.541122913360596, -0.5448635507810223, 1728048655712658303, 
0.6315905451774597, -5.545953273773193, -0.533854947464956, 1728048655763621261, 
0.6403966546058655, -5.550934791564941, -0.5204925007012392, 1728048655814814197, 
0.6489973068237305, -5.555534362792969, -0.509619431651182, 1728048655861806755, 
0.6576003432273865, -5.560091495513916, -0.4984801772201622, 1728048655911684961, 
0.6652817130088806, -5.563991069793701, -0.48829069524580604, 1728048655953748880, 
0.6742634773254395, -5.568525314331055, -0.4766201244566201, 1728048656004594326, 
0.6861760020256042, -5.57421875, -0.4607927157960404, 1728048656071531367, 
0.6936320662498474, -5.577793121337891, -0.4508759430243882, 1728048656113972629, 
0.7027765512466431, -5.581798076629639, -0.4401629550381629, 1728048656163826542, 
0.7117922306060791, -5.5858259201049805, -0.42891574788402315, 1728048656213784599, 
0.720929741859436, -5.589555263519287, -0.4175619933552856, 1728048656261635590, 
0.7297694683074951, -5.593196392059326, -0.4046420795683569, 1728048656311832369, 
0.7375096678733826, -5.5964035987854, -0.3942566915278758, 1728048656353002515, 
0.7470152974128723, -5.600057125091553, -0.38349560047925224, 1728048656402377012, 
0.7597067952156067, -5.604770660400391, -0.3678298075539276, 1728048656470648385, 
0.7675175070762634, -5.607574939727783, -0.35872777674018613, 1728048656512883092, 
0.7768574357032776, -5.610798358917236, -0.3484582525779954, 1728048656562615554, 
0.7863790392875671, -5.613954544067383, -0.3371469143623784, 1728048656612959944, 
0.7955753803253174, -5.616896629333496, -0.3265907239135165, 1728048656660625335, 
0.8046774864196777, -5.619661808013916, -0.31549637226176164, 1728048656710616359, 
0.8129331469535828, -5.6220784187316895, -0.3057920415252097, 1728048656752645588, 
0.8227193355560303, -5.624803066253662, -0.29522240198829414, 1728048656802672383, 
0.8360474705696106, -5.628513336181641, -0.2807275411496589, 1728048656870733413, 
0.8440874218940735, -5.630513668060303, -0.27146834248883145, 1728048656912662233, 
0.8535494208335876, -5.632829666137695, -0.25957523986908093, 1728048656962638022, 
0.8632456660270691, -5.635021686553955, -0.24955846677718493, 1728048657012621599, 
0.8731681108474731, -5.637362957000732, -0.2387522153274429, 1728048657064650592, 
0.8820610046386719, -5.639166831970215, -0.2287099387424298, 1728048657109654224, 
0.890555739402771, -5.640807151794434, -0.22018757836865527, 1728048657152709798, 
0.9000261425971985, -5.642778396606445, -0.20962325437603593, 1728048657202629281, 
0.9101175665855408, -5.644561290740967, -0.19894611989461347, 1728048657252283771, 
0.9217519164085388, -5.646581649780273, -0.18603761066377114, 1728048657312997825, 
0.9313430190086365, -5.648197174072266, -0.17498246458355468, 1728048657362652294, 
0.9413615465164185, -5.649718284606934, -0.1640837039579757, 1728048657412623575, 
0.9513318538665771, -5.651086330413818, -0.1536597594803609, 1728048657463623538, 
0.9605459570884705, -5.652299880981445, -0.14391679141648034, 1728048657509641640, 
0.9692093133926392, -5.653306484222412, -0.1344405283368394, 1728048657553688125, 
0.9787167310714722, -5.654388904571533, -0.12313629186992037, 1728048657603124945, 
0.9921538829803467, -5.6557745933532715, -0.11090589413864835, 1728048657669198137, 
0.9988821148872375, -5.6563568115234375, -0.10487023711964892, 1728048657703052163, 
1.0108933448791504, -5.657296657562256, -0.09220044980436479, 1728048657762636255, 
1.0208696126937866, -5.658021926879883, -0.08131330785669916, 1728048657812608423, 
1.030582070350647, -5.658563137054443, -0.07246221524090385, 1728048657862650348, 
1.03983473777771, -5.65902042388916, -0.06399195847866945, 1728048657908620429, 
1.0490366220474243, -5.659411430358887, -0.054522731928697526, 1728048657953693809, 
1.0587327480316162, -5.659719467163086, -0.04412506438536437, 1728048658002342137, 
1.0685334205627441, -5.659888744354248, -0.03406877785202846, 1728048658052988575, 
1.0806729793548584, -5.660027027130127, -0.021949142544273735, 1728048658113057029, 
1.090955138206482, -5.659870624542236, -0.013420262726787735, 1728048658163686787, 
1.1006534099578857, -5.659727573394775, -0.00432455771471865, 1728048658212646871, 
1.110546588897705, -5.659486293792725, 0.006699485941901166, 1728048658262612841, 
1.1208888292312622, -5.659270286560059, 0.016111481639188647, 1728048658313640623, 
1.1290799379348755, -5.658870697021484, 0.02359381940874117, 1728048658353697098, 
1.1389482021331787, -5.658329010009766, 0.03306321829875472, 1728048658402688394, 
1.1488380432128906, -5.657768249511719, 0.043857759787736546, 1728048658452799323, 
1.160643219947815, -5.6569623947143555, 0.05553572588425979, 1728048658512794935, 
1.1707731485366821, -5.656049728393555, 0.06451304025789778, 1728048658562593866, 
1.1807966232299805, -5.655137538909912, 0.07425403843063838, 1728048658612654988, 
1.1908577680587769, -5.654106140136719, 0.08351451788206704, 1728048658662630798, 
1.200793981552124, -5.653078079223633, 0.09158068545251812, 1728048658713615289, 
1.2086591720581055, -5.652067184448242, 0.09822794951567236, 1728048658753716832, 
1.2185076475143433, -5.6507887840271, 0.10721123026657728, 1728048658803922781, 
1.2321277856826782, -5.648926258087158, 0.11926224789319506, 1728048658873247789, 
1.2381372451782227, -5.648108005523682, 0.124974329558955, 1728048658903167086, 
1.2503665685653687, -5.646387577056885, 0.1352505342112812, 1728048658963120704, 
1.2599972486495972, -5.644811153411865, 0.14364011993915998, 1728048659012627351, 
1.2696621417999268, -5.643126964569092, 0.15285729980938936, 1728048659062650187, 
1.2797600030899048, -5.641386032104492, 0.16239868331881413, 1728048659113647517, 
1.2875148057937622, -5.639891147613525, 0.168812762633352, 1728048659154719243, 
1.3010566234588623, -5.637194633483887, 0.17925699571520592, 1728048659223033553, 
1.3069254159927368, -5.635948181152344, 0.18546955254684352, 1728048659253103759, 
1.3187177181243896, -5.633530616760254, 0.19698328831315562, 1728048659314296148, 
1.3284811973571777, -5.631368637084961, 0.20459551159650927, 1728048659362633145, 
1.3380082845687866, -5.6290740966796875, 0.21217081847516017, 1728048659412662308, 
1.3477312326431274, -5.626657009124756, 0.22147525541785923, 1728048659462895056, 
1.3575280904769897, -5.624305725097656, 0.2304325047471049, 1728048659513965370, 
1.3648653030395508, -5.622297763824463, 0.23624041762887166, 1728048659553736144, 
1.374838948249817, -5.619575500488281, 0.2438095354933362, 1728048659603097875, 
1.3881818056106567, -5.615782260894775, 0.25741057836481135, 1728048659673389735, 
1.3958121538162231, -5.613594055175781, 0.26441983449016404, 1728048659713656557, 
1.4052222967147827, -5.610828876495361, 0.27131431012452545, 1728048659762668902, 
1.414756417274475, -5.607838153839111, 0.27799316292149334, 1728048659812635762, 
1.424155592918396, -5.604854106903076, 0.2874487732592767, 1728048659862655617, 
1.4337337017059326, -5.601928234100342, 0.29548322431306284, 1728048659913625350, 
1.441210150718689, -5.599487781524658, 0.30130402707796416, 1728048659953729456, 
1.4509470462799072, -5.595998287200928, 0.309911713533716, 1728048660003286021, 
1.4602514505386353, -5.59273624420166, 0.31773460330539255, 1728048660052615249, 
1.4693373441696167, -5.589411735534668, 0.3249065389277756, 1728048660103168338, 
1.4807082414627075, -5.585487365722656, 0.3344881882885775, 1728048660162656046, 
1.490462303161621, -5.581737995147705, 0.3422930771331102, 1728048660212658412, 
1.4997800588607788, -5.5781683921813965, 0.3497649206144477, 1728048660262643929, 
1.5091713666915894, -5.574541091918945, 0.3587343950290289, 1728048660313658500, 
1.5165774822235107, -5.571590900421143, 0.36544872086227287, 1728048660353731910, 
1.5259418487548828, -5.567730903625488, 0.3714120924576557, 1728048660404744573, 
1.534816026687622, -5.563867568969727, 0.37825563480892394, 1728048660452792389, 
1.5458182096481323, -5.559183120727539, 0.38907131737184725, 1728048660513698959, 
1.5549956560134888, -5.555258274078369, 0.3964757142323205, 1728048660563675227, 
1.5641251802444458, -5.55113410949707, 0.4033476508021236, 1728048660613657182, 
1.573183298110962, -5.546838283538818, 0.4102653548398301, 1728048660662660780, 
1.5820802450180054, -5.542876720428467, 0.41811413233352906, 1728048660712634759, 
1.5893720388412476, -5.539426803588867, 0.42452729630706587, 1728048660753760865, 
1.5985872745513916, -5.535018444061279, 0.4314992158400184, 1728048660803649559, 
1.610943078994751, -5.528865814208984, 0.4408375060753407, 1728048660874188973, 
1.617836833000183, -5.525415897369385, 0.4463501723064967, 1728048660913761980, 
1.6266990900039673, -5.5209197998046875, 0.45392576254836703, 1728048660963654759, 
1.6360255479812622, -5.516288757324219, 0.4598586077266635, 1728048661012667104, 
1.6446990966796875, -5.511722087860107, 0.4658626920352247, 1728048661062665025, 
1.6533416509628296, -5.507246971130371, 0.4733988785560847, 1728048661112673982, 
1.660409927368164, -5.503370761871338, 0.47881576628368605, 1728048661153754466, 
1.6692702770233154, -5.4985809326171875, 0.48518859085803817, 1728048661204682867, 
1.677592158317566, -5.493946552276611, 0.49123276852337816, 1728048661252639453, 
1.6880922317504883, -5.488081932067871, 0.49927501521025813, 1728048661313708356, 
1.696777105331421, -5.4831719398498535, 0.506739714490422, 1728048661363681073, 
1.7053829431533813, -5.478247165679932, 0.5126923171179599, 1728048661412641150, 
1.7138848304748535, -5.4731645584106445, 0.5188471792621646, 1728048661462666535, 
1.7221777439117432, -5.468191623687744, 0.5256441652473903, 1728048661512686323, 
1.729516625404358, -5.463833808898926, 0.5314823752106126, 1728048661554182720, 
1.7380402088165283, -5.458735466003418, 0.5374017218092247, 1728048661604863901, 
1.746250033378601, -5.453541278839111, 0.5421629185066206, 1728048661655596573, 
1.7565182447433472, -5.446959018707275, 0.5516802694873391, 1728048661714946247, 
1.764887809753418, -5.441438674926758, 0.5584036099586962, 1728048661764817770, 
1.7732487916946411, -5.436145782470703, 0.5632108238564377, 1728048661814770549, 
1.7810214757919312, -5.430939197540283, 0.5686767452121357, 1728048661860711638, 
1.7893470525741577, -5.425106048583984, 0.575933451765838, 1728048661911337584, 
1.7963860034942627, -5.4205498695373535, 0.5809633886381509, 1728048661953528449, 
1.8079602718353271, -5.412722587585449, 0.5871149330550348, 1728048662021579973, 
1.8160240650177002, -5.407022953033447, 0.5923317920133851, 1728048662071321861, 
1.8207448720932007, -5.403692722320557, 0.596214831545051, 1728048662101877902, 
1.8306429386138916, -5.3967461585998535, 0.6028241010537715, 1728048662163238235, 
1.8388118743896484, -5.3909592628479, 0.6084921959557442, 1728048662213970940, 
1.8462340831756592, -5.385512351989746, 0.6136247163067089, 1728048662260895294, 
1.8541005849838257, -5.37966251373291, 0.620445995235186, 1728048662310662120, 
1.861085057258606, -5.374547958374023, 0.6249190855114862, 1728048662353905709, 
1.8690950870513916, -5.368417263031006, 0.6301562629283347, 1728048662404049376, 
1.8798633813858032, -5.360394477844238, 0.6386956584889867, 1728048662470782677, 
1.8844295740127563, -5.356685638427734, 0.6417835196469723, 1728048662501073450, 
1.89421546459198, -5.349188804626465, 0.6492653175026428, 1728048662563719621, 
1.9018937349319458, -5.343080997467041, 0.6542319301335802, 1728048662613884840, 
1.9096006155014038, -5.337058067321777, 0.6593307140254508, 1728048662664664647, 
1.9168654680252075, -5.331111907958984, 0.6640140363276664, 1728048662710676815, 
1.9236294031143188, -5.32582950592041, 0.6688992733780249, 1728048662754010122, 
1.931351661682129, -5.319558143615723, 0.6732679515368813, 1728048662803744708, 
1.941514253616333, -5.3111395835876465, 0.6793413690671133, 1728048662869533684, 
1.9466148614883423, -5.30681848526001, 0.6834260467848304, 1728048662904965955, 
1.9558531045913696, -5.298991680145264, 0.6898555560940955, 1728048662963688239, 
1.96343195438385, -5.292687892913818, 0.6944574434865728, 1728048663013669891, 
1.9711267948150635, -5.286088943481445, 0.698343676812398, 1728048663063694510, 
1.977941632270813, -5.280020713806152, 0.7036791887373499, 1728048663109666809, 
1.9843844175338745, -5.27439546585083, 0.7086794572346629, 1728048663153684569, 
1.9917004108428955, -5.268075466156006, 0.712359884797956, 1728048663203802174, 
1.9993102550506592, -5.2610859870910645, 0.716041126288807, 1728048663253429880, 
2.0080578327178955, -5.253298759460449, 0.7219521690418983, 1728048663313423852, 
2.015364646911621, -5.246622562408447, 0.7263018025277749, 1728048663363692330, 
2.022796392440796, -5.239991664886475, 0.7302407256849947, 1728048663413667004, 
2.0303502082824707, -5.232946395874023, 0.7346035206922057, 1728048663463693380, 
2.0368564128875732, -5.226982593536377, 0.7397576964478586, 1728048663508702316, 
2.0432355403900146, -5.220942974090576, 0.7436113723099013, 1728048663553672180, 
2.053379774093628, -5.21139669418335, 0.7490392621135017, 1728048663622809906, 
2.0579915046691895, -5.206911563873291, 0.7518292796105904, 1728048663653366337, 
2.065148115158081, -5.199896812438965, 0.7565502112194742, 1728048663703713304, 
2.073608636856079, -5.191401958465576, 0.7612226554475588, 1728048663763769416, 
2.080622673034668, -5.1844682693481445, 0.7650518922427781, 1728048663813688167, 
2.087758779525757, -5.177140235900879, 0.7685543377435706, 1728048663863658153, 
2.0946528911590576, -5.170236587524414, 0.7720863902004704, 1728048663914685321, 
2.0999889373779297, -5.164863109588623, 0.7743020787589221, 1728048663953686396, 
2.1072187423706055, -5.157572269439697, 0.7780834559828732, 1728048664003628996, 
2.1168978214263916, -5.14760684967041, 0.78282035500221, 1728048664074775025, 
2.122309446334839, -5.142025470733643, 0.7855144046568958, 1728048664113692612, 
2.129260301589966, -5.134762287139893, 0.7888833193011968, 1728048664163668152, 
2.1364128589630127, -5.127511978149414, 0.7932119551030442, 1728048664213699860, 
2.1433961391448975, -5.1202263832092285, 0.7966913735010932, 1728048664263660882, 
2.149925470352173, -5.113154888153076, 0.8008673860837471, 1728048664313759652, 
2.1552910804748535, -5.107344627380371, 0.8034897885540105, 1728048664353691571, 
2.1624374389648438, -5.099884986877441, 0.8074285820069571, 1728048664404195518, 
2.171757221221924, -5.0900187492370605, 0.8118466152255344, 1728048664474117858, 
2.175611972808838, -5.085781574249268, 0.8136602392717428, 1728048664504206921, 
2.1837940216064453, -5.076886177062988, 0.8170688990982903, 1728048664563701629, 
2.1904706954956055, -5.069580554962158, 0.8203838277708796, 1728048664613306452, 
2.1970925331115723, -5.062341690063477, 0.8238545614618259, 1728048664663693093, 
2.2037806510925293, -5.054929256439209, 0.8266654768680762, 1728048664713664248, 
2.2090883255004883, -5.048759460449219, 0.8281000347364812, 1728048664753791553, 
2.2158234119415283, -5.041189670562744, 0.8316995215725995, 1728048664803650459, 
2.2249128818511963, -5.03079891204834, 0.8380957923857223, 1728048664873249954, 
2.2288360595703125, -5.026500701904297, 0.840746881689675, 1728048664903267449, 
2.236732244491577, -5.01735258102417, 0.8423934062671159, 1728048664963701242, 
2.243283271789551, -5.0097761154174805, 0.8454567282381867, 1728048665013692786, 
2.249612808227539, -5.0022478103637695, 0.8483691513207273, 1728048665063671339, 
2.256024122238159, -4.994728088378906, 0.8505764423365387, 1728048665113696921, 
2.2614009380340576, -4.988561153411865, 0.8523347174003579, 1728048665154715825, 
2.270551919937134, -4.977963924407959, 0.8547778616768592, 1728048665223816984, 
2.2767655849456787, -4.970511436462402, 0.8567597164615479, 1728048665273756897, 
2.280853748321533, -4.965853691101074, 0.8595052158009817, 1728048665304138694, 
2.288470983505249, -4.956721305847168, 0.8611333449058362, 1728048665363648839, 
2.295142889022827, -4.948770999908447, 0.8634272664993096, 1728048665413699500, 
2.301332712173462, -4.941474914550781, 0.8667592829395929, 1728048665463702355, 
2.3076534271240234, -4.933945655822754, 0.8703538559283749, 1728048665513679489, 
2.312774419784546, -4.927795886993408, 0.8716600764433191, 1728048665553711624, 
2.3191044330596924, -4.9199652671813965, 0.8733655980958722, 1728048665603657681, 
2.3254575729370117, -4.91208553314209, 0.876485682723589, 1728048665653330482, 
2.332911968231201, -4.903067588806152, 0.8783442547989362, 1728048665713705665, 
2.3390917778015137, -4.89525842666626, 0.879798343782286, 1728048665763676440, 
2.3454859256744385, -4.887390613555908, 0.8835933282978352, 1728048665813696198, 
2.3517329692840576, -4.879633903503418, 0.8865913240623221, 1728048665863704763, 
2.3581268787384033, -4.871707439422607, 0.8866397122155544, 1728048665913720060, 
2.3631174564361572, -4.865508079528809, 0.8878946280224398, 1728048665953702901, 
2.3694210052490234, -4.857728958129883, 0.8905824497216791, 1728048666003585660, 
2.375610113143921, -4.849928379058838, 0.8929813775915342, 1728048666054160629, 
2.3829965591430664, -4.840652942657471, 0.8950373812103878, 1728048666113730173, 
2.3889858722686768, -4.832831859588623, 0.8959457155181771, 1728048666164851860, 
2.395277500152588, -4.824980735778809, 0.8985086835786905, 1728048666213684210, 
2.401282548904419, -4.817343235015869, 0.8993880683161231, 1728048666263705326, 
2.407562017440796, -4.809399604797363, 0.9001570120721288, 1728048666313704929, 
2.4123260974884033, -4.80337381362915, 0.9011048471175386, 1728048666353806811, 
2.4184844493865967, -4.795417308807373, 0.9036588530315027, 1728048666404806711, 
2.427011251449585, -4.784556865692139, 0.9044528077445372, 1728048666472333684, 
2.4322023391723633, -4.777858734130859, 0.9053077665620554, 1728048666513922142, 
2.4381277561187744, -4.7700724601745605, 0.9065046544069109, 1728048666564699127, 
2.444166421890259, -4.762240886688232, 0.9083462194559738, 1728048666613721315, 
2.450302839279175, -4.754445552825928, 0.9088237154444488, 1728048666663681756, 
2.456439971923828, -4.746124744415283, 0.9098154613817545, 1728048666713711665, 
2.4610564708709717, -4.739965915679932, 0.9109249208285498, 1728048666753806789, 
2.4671008586883545, -4.732003688812256, 0.9131944434613359, 1728048666804114126, 
2.475661039352417, -4.720999240875244, 0.9134555795450713, 1728048666874051619, 
2.480374574661255, -4.714367866516113, 0.9127544171544265, 1728048666913755193, 
2.4863274097442627, -4.706455230712891, 0.9136965459605133, 1728048666963725443, 
2.492534637451172, -4.698308944702148, 0.9157946220909756, 1728048667013697108, 
2.498610496520996, -4.690151691436768, 0.9156832324407363, 1728048667063712537, 
2.5046892166137695, -4.682181358337402, 0.9157299039432432, 1728048667113359661, 
2.5093495845794678, -4.675966262817383, 0.9161687458956792, 1728048667153790258, 
2.5153162479400635, -4.6679205894470215, 0.9183146905929079, 1728048667203253085, 
2.5213398933410645, -4.659868240356445, 0.9186100129553506, 1728048667254808422, 
2.5285110473632812, -4.650384426116943, 0.9197690793955687, 1728048667313969388, 
2.534409523010254, -4.6424713134765625, 0.9206834261544984, 1728048667365775545, 
2.5402913093566895, -4.634505748748779, 0.9206936093673239, 1728048667416169461, 
2.5462894439697266, -4.626583099365234, 0.9210102713673943, 1728048667463170510, 
2.551969289779663, -4.618788242340088, 0.9213867859687226, 1728048667513208433, 
2.5568923950195312, -4.6122965812683105, 0.9225124967005894, 1728048667555065388, 
2.5630273818969727, -4.604127883911133, 0.9226977946819999, 1728048667604379242, 
2.571446180343628, -4.5929059982299805, 0.922339278842844, 1728048667671793119, 
2.576186180114746, -4.5864667892456055, 0.9221637843421815, 1728048667713859923, 
2.582385540008545, -4.578527927398682, 0.9232297773239558, 1728048667763730697, 
2.5883970260620117, -4.570371150970459, 0.9233725773128645, 1728048667814305414, 
2.594278573989868, -4.562529563903809, 0.9232884309150603, 1728048667861275034, 
2.6000828742980957, -4.5547895431518555, 0.9238046882540512, 1728048667912006818, 
2.604936361312866, -4.548059940338135, 0.9242096877470576, 1728048667954146541, 
2.6109514236450195, -4.540168762207031, 0.9248171647004463, 1728048668003671223, 
2.618990659713745, -4.529089450836182, 0.923961903673135, 1728048668071713530, 
2.62255597114563, -4.5244269371032715, 0.9250010959233426, 1728048668101586973, 
2.629939317703247, -4.514588356018066, 0.9239748466555816, 1728048668163831734, 
2.635751724243164, -4.506678104400635, 0.9233435997641218, 1728048668213756846, 
2.641418695449829, -4.499167442321777, 0.9237968685520122, 1728048668260288261, 
2.647061586380005, -4.4914021492004395, 0.9242270878405032, 1728048668310720120, 
2.652437686920166, -4.484450340270996, 0.9239701129569436, 1728048668353851831, 
2.6602585315704346, -4.473632335662842, 0.9242698814905741, 1728048668420993586, 
2.6640965938568115, -4.4683427810668945, 0.9250124770347332, 1728048668453871826, 
2.6699819564819336, -4.460391044616699, 0.9253879519159519, 1728048668504849627, 
2.6770989894866943, -4.450912952423096, 0.9241516389583505, 1728048668563815312, 
2.6830921173095703, -4.442907810211182, 0.9241516389583505, 1728048668613711881, 
2.6889963150024414, -4.4349284172058105, 0.9238758124265037, 1728048668664711299, 
2.6944591999053955, -4.427542209625244, 0.9241832546647342, 1728048668710634700, 
2.699624538421631, -4.420600891113281, 0.9231693039571123, 1728048668753815305, 
2.7054688930511475, -4.412775993347168, 0.9224344245154779, 1728048668803714931, 
2.7110533714294434, -4.404824256896973, 0.9224344245154779, 1728048668854141502, 
2.718386650085449, -4.395269870758057, 0.9239872906177184, 1728048668913388510, 
2.724494218826294, -4.386991024017334, 0.9234976181936471, 1728048668963702058, 
2.7303929328918457, -4.3790459632873535, 0.9234389965673387, 1728048669013741779, 
